TATCAT	ATCATT	TCATTC	CATTCT	ATTCTC	TTCTCC	TCTCCT	CTCCTT	TCCTTC	CCTTCA	CTTCAA	TTCAAA	TCAAAG	CAAAGC	AAAGCG	AAGCGC	AGCGCC	GCGCCT	CGCCTA	GCCTAT	CCTATT	CTATTT	TATTTC	ATTTCA	TTTCAA	TTCAAT	TCAATT	CAATTT	AATTTT	ATTTTA	TTTTAT	TTTATG	TTATGG	TATGGA	ATGGAT	TGGATT	GGATTA	GATTAA	ATTAAA	TTAAAA	TAAAAC	AAAACC	AAACCT	AACCTG	ACCTGC	CCTGCA	CTGCAT	TGCATC	GCATCA	CATCAT	ATCATT	TCATTT	CATTTT	ATTTTT	TTTTTT	TTTTTG	TTTTGA	TTTGAT	TTGATA	TGATAA	GATAAA	ATAAAG	TAAAGT	AAAGTG	AAGTGG	AGTGGT	GTGGTA	TGGTAC	GGTACC	GTACCG	TACCGT	ACCGTA	CCGTAT	CGTATT	GTATTT	TATTTG	ATTTGT	TTTGTC	TTGTCT	TGTCTC	GTCTCC	TCTCCA	CTCCAT	TCCATA	CCATAA	CATAAA	ATAAAG	TAAAGT	AAAGTT	AAGTTA	AGTTAA	GTTAAT	TTAATT	TAATTC	AATTCA
1.26965	3.79661	2.59196	0.158524	1.96215	0.0174869	0.452347	1.00559	1.36534	2.64687	0.417283	-1.04697	1.73454	2.9281	0.881027	1.90186	3.99715	2.31706	0.219062	0.224125	-0.326984	1.89391	0.887443	1.20567	3.65048	2.17585	0.95225	-0.15428	1.97431	1.8471	1.9117	-0.279826	1.35792	1.29319	2.54568	0.293885	0.829281	2.2363	1.64757	-0.0926452	-0.760545	-0.295681	-0.638751	0.680687	0.781477	0.194635	1.96486	0.372056	0.344445	1.30207	1.04889	0.66546	0.971455	1.81098	2.02347	1.19011	0.401834	3.81004	1.67465	1.76719	1.19714	0.6146	0.612874	2.41001	-0.60586	1.52875	1.43287	0.191513	2.00242	3.71221	2.57598	1.60041	0.805256	1.09098	1.63335	2.44041	1.84616	1.97634	1.85214	0.145483	2.25791	1.35228	0.0724061	1.91258	3.0525	1.66773	1.87408	2.20862	1.08455	1.75384	-0.467292	3.08105	0.637426	0.977656	-0.302654	0.869471	1.98117	1.8503	2.25723	2.49757
CGCCCT	GCCCTC	CCCTCC	CCTCCA	CTCCAA	TCCAAC	CCAACT	CAACTT	AACTTG	ACTTGT	CTTGTT	TTGTTA	TGTTAT	GTTATG	TTATGC	TATGCT	ATGCTG	TGCTGT	GCTGTT	CTGTTA	TGTTAT	GTTATA	TTATAA	TATAAC	ATAACA	TAACAA	AACAAC	ACAACA	CAACAA	AACAAT	ACAATA	CAATAC	AATACA	ATACAA	TACAAG	ACAAGT	CAAGTA	AAGTAT	AGTATA	GTATAT	TATATA	ATATAC	TATACC	ATACCC	TACCCT	ACCCTA	CCCTAA	CCTAAA	CTAAAA	TAAAAG	AAAAGG	AAAGGC	AAGGCA	AGGCAA	GGCAAT	GCAATT	CAATTT	AATTTT	ATTTTG	TTTTGT	TTTGTA	TTGTAA	TGTAAA	GTAAAC	TAAACG	AAACGG	AACGGT	ACGGTA	CGGTAT	GGTATC	GTATCA	TATCAT	ATCATA	TCATAT	CATATT	ATATTA	TATTAT	ATTATA	TTATAA	TATAAA	ATAAAA	TAAAAA	AAAAAT	AAAATT	AAATTA	AATTAT	ATTATT	TTATTA	TATTAT	ATTATT	TTATTT	TATTTT	ATTTTT	TTTTTA	TTTTAA
-0.0468976	0.756707	0.0385969	-0.15739	1.75655	0.367178	0.0754392	0.279435	-1.62721	0.9428	-0.0927207	-1.21871	-1.1631	-0.334059	-0.639259	-0.693562	1.43327	-0.292373	-0.522332	-1.48728	1.31684	-0.619119	-0.0438988	1.61072	-0.0101271	0.105561	0.670956	-0.229623	1.93701	0.309891	1.58514	-0.0468936	0.880443	0.425346	-0.57413	-0.645517	0.457417	-1.50063	-1.38708	-0.0501995	0.381303	-0.377892	0.667463	-0.721765	-1.40919	-0.553831	-0.779556	-0.119085	-1.36541	1.27609	0.112842	0.702586	-0.85185	-0.510523	-1.40058	1.15682	0.367155	-0.0296226	-0.162185	0.177499	-0.678616	-0.362591	0.569393	0.322897	0.854708	-1.577	-0.863367	-1.23007	0.489897	-0.385794	0.0132926	0.247589	-1.06347	1.7021	-0.455838	0.345183	-1.24136	-0.383889	-0.686807	-0.00946569	-1.40868	0.790499	0.499267	-0.490376	-0.112981	-0.812994	-0.0916214	-1.33396	0.0604289	-0.181869	0.236136	2.06338	-0.50922	-0.080034	-0.170148	-1.15283	0.441827	-0.281773	-1.56444	0.101129
AACTAA	ACTAAG	CTAAGA	TAAGAT	AAGATG	AGATGG	GATGGA	ATGGAT	TGGATA	GGATAT	GATATT	ATATTA	TATTAA	ATTAAG	TTAAGT	TAAGTA	AAGTAA	AGTAAT	GTAATA	TAATAA	AATAAA	ATAAAA	TAAAAA	AAAAAG	AAAAGC	AAAGCC	AAGCCG	AGCCGC	GCCGCT	CCGCTA	CGCTAA	GCTAAA	CTAAAT	TAAATC	AAATCA	AATCAA	ATCAAG	TCAAGG	CAAGGT	AAGGTT	AGGTTT	GGTTTT	GTTTTC	TTTTCT	TTTCTA	TTCTAC	TCTACC	CTACCA	TACCAA	ACCAAG	CCAAGA	CAAGAT	AAGATT	AGATTT	GATTTA	ATTTAA	TTTAAC	TTAACG	TAACGG	AACGGT	ACGGTA	CGGTAT	GGTATT	GTATTT	TATTTT	ATTTTT	TTTTTA	TTTTAT	TTTATT	TTATTT	TATTTT	ATTTTC	TTTTCA	TTTCAA	TTCAAC	TCAACT	CAACTT	AACTTC	ACTTCT	CTTCTA	TTCTAT	TCTATT	CTATTC	TATTCA	ATTCAA	TTCAAT	TCAATT	CAATTA	AATTAA	ATTAAT	TTAATA	TAATAC	AATACT	ATACTC	TACTCT
1.4342	-0.345059	-0.498643	0.262206	0.842279	-0.529985	-0.138677	0.265555	-0.351397	-0.0740286	1.30851	-1.1316	-0.0508909	0.784939	0.000178099	-1.18304	0.711336	-1.68992	-0.0858929	-0.43802	0.151124	0.252018	-0.362681	0.79958	-2.62625	-1.41016	-0.0293707	-0.338772	-1.45598	-1.41251	1.79284	0.982787	0.65248	-2.40453	0.315626	-0.733711	-0.757411	2.27335	-2.1411	-0.00413144	0.150353	0.197151	-0.48883	-0.298366	-0.65908	-1.61813	-0.344214	-0.280627	-0.866186	0.896973	-0.136831	0.406602	0.489112	0.842735	-0.173332	0.588727	0.176664	0.300147	-0.907055	-1.07178	-1.14949	0.620396	0.89226	-0.339999	0.0268085	0.45887	0.295131	-1.11277	0.600275	-0.265534	-1.14999	-0.772399	-0.724654	0.460085	0.228696	-0.839615	1.42066	-0.281311	0.767786	-2.05665	-1.05844	-0.577321	0.51123	-0.760963	-0.129962	-0.760523	0.0909305	-0.778585	-0.5634	-1.12794	-0.634622	-0.175971	-0.590335	-1.20377	-0.9243	-0.180944	0.560517	-0.940467	1.85009	0.72468
AAGAAT	AGAATT	GAATTG	AATTGG	ATTGGG	TTGGGG	TGGGGA	GGGGAT	GGGATT	GGATTT	GATTTA	ATTTAC	TTTACT	TTACTA	TACTAA	ACTAAA	CTAAAT	TAAATT	AAATTA	AATTAG	ATTAGT	TTAGTA	TAGTAT	AGTATT	GTATTC	TATTCC	ATTCCT	TTCCTC	TCCTCT	CCTCTC	CTCTCC	TCTCCC	CTCCCT	TCCCTT	CCCTTA	CCTTAT	CTTATC	TTATCG	TATCGT	ATCGTC	TCGTCG	CGTCGG	GTCGGA	TCGGAA	CGGAAT	GGAATC	GAATCG	AATCGT	ATCGTC	TCGTCT	CGTCTT	GTCTTT	TCTTTG	CTTTGG	TTTGGA	TTGGAG	TGGAGT	GGAGTT	GAGTTT	AGTTTC	GTTTCC	TTTCCC	TTCCCT	TCCCTT	CCCTTC	CCTTCA	CTTCAA	TTCAAT	TCAATT	CAATTA	AATTAA	ATTAAT	TTAATG	TAATGT	AATGTT	ATGTTC	TGTTCG	GTTCGG	TTCGGT	TCGGTG	CGGTGC	GGTGCT	GTGCTA	TGCTAA	GCTAAT	CTAATA	TAATAG	AATAGT	ATAGTA	TAGTAA	AGTAAT	GTAATA	TAATAT	AATATT	ATATTG
1.34202	0.994365	3.81869	2.19424	1.54322	1.86953	-0.528716	2.67603	-0.167398	1.19169	1.08681	1.45987	-1.64396	1.73522	-1.12122	1.79481	0.465364	-0.302636	1.34649	1.44521	0.664582	-0.249002	2.6488	4.0407	-0.564203	0.626452	1.66179	-0.175378	3.22776	1.21595	1.91591	-0.851008	1.11598	0.935867	0.625158	1.83261	-1.31521	1.36924	1.40209	2.83177	-0.0170698	1.4514	1.14697	3.16904	1.95939	0.402743	0.818158	0.711469	0.332192	1.06135	-0.779872	2.34593	1.07914	-0.506629	2.39678	1.07236	-0.896463	2.43258	0.525784	0.474133	2.70369	1.11207	1.32429	-0.809452	1.48616	2.05496	1.78697	1.96294	1.2527	1.64325	-0.375464	2.5033	0.0916849	2.57351	1.21307	2.19471	0.745325	-0.445427	1.27677	0.913979	0.457063	-2.07472	-0.655184	0.0960208	2.69161	0.319218	0.418903	1.71981	0.721884	-0.0924698	1.27231	0.406929	0.926156	1.05322	0.560687	0.235048	-0.0287732	2.95164	1.65727	1.03961
ATTCAC	TTCACT	TCACTC	CACTCA	ACTCAA	CTCAAC	TCAACT	CAACTA	AACTAA	ACTAAA	CTAAAA	TAAAAA	AAAAAT	AAAATG	AAATGA	AATGAC	ATGACT	TGACTA	GACTAC	ACTACT	CTACTA	TACTAA	ACTAAG	CTAAGA	TAAGAT	AAGATT	AGATTA	GATTAG	ATTAGA	TTAGAA	TAGAAA	AGAAAA	GAAAAA	AAAAAT	AAAATT	AAATTG	AATTGC	ATTGCT	TTGCTA	TGCTAC	GCTACC	CTACCA	TACCAG	ACCAGT	CCAGTG	CAGTGT	AGTGTT	GTGTTT	TGTTTT	GTTTTA	TTTTAG	TTTAGC	TTAGCT	TAGCTA	AGCTAT	GCTATT	CTATTT	TATTTT	ATTTTG	TTTTGT	TTTGTT	TTGTTA	TGTTAG	GTTAGG	TTAGGA	TAGGAA	AGGAAC	GGAACT	GAACTA	AACTAC	ACTACA	CTACAG	TACAGC	ACAGCT	CAGCTG	AGCTGT	GCTGTT	CTGTTG	TGTTGC	GTTGCT	TTGCTT	TGCTTC	GCTTCC	CTTCCT	TTCCTT	TCCTTC	CCTTCT	CTTCTT	TTCTTA	TCTTAG	CTTAGG	TTAGGT	TAGGTT	AGGTTT	GGTTTC
1.61339	-0.769867	1.33876	-1.33188	-0.0903349	0.631477	-0.610247	1.56738	-0.128546	-0.931661	-1.15155	0.085444	-0.751181	1.46048	-0.655935	-0.390434	-0.937732	0.575731	-0.476001	-0.184965	0.48605	-0.204151	-0.47112	-1.2912	-1.73786	0.784252	1.86348	-0.826494	0.475686	-1.15137	2.17582	1.63593	1.95646	0.759487	-0.382458	0.486175	-1.74632	2.29089	-1.19592	-0.672909	0.161396	-0.705576	1.8105	0.604215	-2.54801	0.536894	-0.542716	2.27894	-0.834376	-0.875907	0.508638	0.0658213	0.618999	0.514819	-1.27118	3.11118	-1.04368	-1.23666	-0.164974	-0.49361	1.83001	0.898881	0.364575	0.220039	-0.732853	0.473647	0.339494	-1.30267	0.586943	0.27652	0.6547	1.14117	0.944743	-0.977295	0.385177	0.0324506	1.0433	0.603386	-0.0843011	0.631091	-1.63223	-0.813963	-0.484284	0.54056	2.87196	-0.151868	-0.703355	0.0901196	-1.29979	1.04023	1.80475	0.591243	0.240229	1.68539	1.59345	0.625307	-1.40981	-0.0894372	-0.14539	1.33258
AATTTT	ATTTTT	TTTTTT	TTTTTC	TTTTCT	TTTCTA	TTCTAT	TCTATT	CTATTT	TATTTT	ATTTTT	TTTTTG	TTTTGT	TTTGTT	TTGTTG	TGTTGG	GTTGGA	TTGGAA	TGGAAT	GGAATC	GAATCG	AATCGC	ATCGCC	TCGCCT	CGCCTT	GCCTTC	CCTTCT	CTTCTT	TTCTTA	TCTTAC	CTTACA	TTACAA	TACAAA	ACAAAT	CAAATT	AAATTA	AATTAA	ATTAAG	TTAAGA	TAAGAA	AAGAAA	AGAAAG	GAAAGA	AAAGAA	AAGAAA	AGAAAA	GAAAAA	AAAAAG	AAAAGC	AAAGCA	AAGCAG	AGCAGA	GCAGAT	CAGATG	AGATGT	GATGTA	ATGTAG	TGTAGC	GTAGCT	TAGCTG	AGCTGC	GCTGCT	CTGCTA	TGCTAC	GCTACA	CTACAT	TACATT	ACATTT	CATTTG	ATTTGC	TTTGCA	TTGCAC	TGCACG	GCACGC	CACGCG	ACGCGG	CGCGGT	GCGGTA	CGGTAT	GGTATT	GTATTC	TATTCA	ATTCAA	TTCAAG	TCAAGC	CAAGCC	AAGCCT	AGCCTT	GCCTTA	CCTTAC	CTTACG	TTACGT	TACGTG	ACGTGC	CGTGCA
2.0617	0.17836	-0.245252	0.493824	0.222655	0.125402	-1.81853	-0.161829	1.40715	-1.07427	0.283464	1.48318	-0.938989	-0.456903	0.352087	-0.035933	-0.617139	0.63517	-0.813215	-0.56536	0.557533	-0.931915	0.484066	0.709659	1.02961	0.757381	-0.833296	-0.491338	-0.598644	1.11365	1.36338	-1.59274	-1.82391	1.52352	-1.42309	1.02822	-1.96454	0.100086	0.235552	1.72138	0.669601	0.868037	0.00624561	-1.22286	-2.41845	1.45599	1.03364	-0.794507	1.23342	-0.85978	1.23791	0.162721	1.86647	0.490282	-0.436463	-0.791418	0.576991	1.43235	0.454834	0.367919	-1.39097	-0.926995	0.931989	1.57824	0.012646	1.23998	-1.45518	3.34668	-0.961327	-0.359647	-0.575228	-0.643983	0.159475	0.948485	-1.9034	-0.608731	2.29475	2.55649	0.231982	-0.182942	-1.02265	-0.375177	-0.68158	0.751217	-0.49513	-0.396235	-1.85658	-0.36499	-0.5095	0.513291	-0.0240149	1.67464	1.68153	0.129627	0.823809	-0.887425	1.86082	0.487087	-0.353928	1.67944
GTTATC	TTATCA	TATCAT	ATCATG	TCATGC	CATGCG	ATGCGC	TGCGCA	GCGCAT	CGCATA	GCATAG	CATAGT	ATAGTT	TAGTTA	AGTTAA	GTTAAG	TTAAGA	TAAGAT	AAGATT	AGATTG	GATTGT	ATTGTA	TTGTAC	TGTACT	GTACTT	TACTTG	ACTTGA	CTTGAA	TTGAAC	TGAACT	GAACTC	AACTCA	ACTCAC	CTCACT	TCACTC	CACTCC	ACTCCT	CTCCTT	TCCTTA	CCTTAT	CTTATG	TTATGG	TATGGA	ATGGAA	TGGAAT	GGAATT	GAATTT	AATTTT	ATTTTT	TTTTTG	TTTTGC	TTTGCT	TTGCTT	TGCTTT	GCTTTG	CTTTGA	TTTGAT	TTGATT	TGATTG	GATTGC	ATTGCT	TTGCTA	TGCTAG	GCTAGA	CTAGAA	TAGAAC	AGAACC	GAACCA	AACCAC	ACCACT	CCACTG	CACTGC	ACTGCA	CTGCAA	TGCAAC	GCAACT	CAACTA	AACTAA	ACTAAC	CTAACA	TAACAG	AACAGT	ACAGTT	CAGTTT	AGTTTT	GTTTTG	TTTTGC	TTTGCA	TTGCAA	TGCAAC	GCAACA	CAACAA	AACAAT	ACAATG	CAATGA
-2.3172	-0.228788	-1.06898	-0.507547	-0.905276	-2.46773	0.0866179	-0.0390015	-1.65119	2.11537	0.151104	0.20782	-0.372535	-0.930225	-2.95607	2.18994	-2.56063	-0.802016	0.684114	-0.305949	1.05739	0.230785	-1.08584	-0.28841	0.78299	-2.04588	-0.00705671	-1.78571	-1.78039	-2.0488	-1.28564	-1.48627	-0.986092	-0.223652	-0.397039	-0.194276	-0.628198	1.14237	-2.1606	-0.535248	-2.70506	0.0940523	-0.096911	1.8051	-0.433196	-1.20808	-1.51624	1.52845	-1.8733	0.270864	-1.28534	0.44638	2.47822	1.41	-1.01479	-1.14594	-0.635842	-2.10056	0.117854	-0.938338	-0.551473	-2.19907	-1.97049	-1.35222	-0.422617	-0.00219536	0.131738	0.803157	-0.949156	0.344336	0.457368	1.13766	-2.82909	-0.602719	-1.31409	2.54362	-0.916126	1.52923	0.0699177	-2.1668	-2.402	-0.10405	-1.24277	-3.08285	-0.406238	-0.955572	1.82563	-0.633861	0.325955	-0.653157	-0.00870323	0.106023	-0.246621	-0.259048	-0.407205	-1.72461	-0.715229	0.0506582	1.11841	0.321746
CTGCCC	TGCCCC	GCCCCA	CCCCAC	CCCACT	CCACTT	CACTTG	ACTTGT	CTTGTT	TTGTTG	TGTTGG	GTTGGA	TTGGAG	TGGAGT	GGAGTT	GAGTTA	AGTTAA	GTTAAC	TTAACA	TAACAT	AACATT	ACATTT	CATTTT	ATTTTC	TTTTCT	TTTCTC	TTCTCA	TCTCAT	CTCATG	TCATGG	CATGGC	ATGGCA	TGGCAA	GGCAAT	GCAATT	CAATTT	AATTTG	ATTTGT	TTTGTC	TTGTCT	TGTCTT	GTCTTA	TCTTAA	CTTAAG	TTAAGT	TAAGTT	AAGTTT	AGTTTA	GTTTAG	TTTAGT	TTAGTT	TAGTTG	AGTTGT	GTTGTA	TTGTAA	TGTAAT	GTAATT	TAATTG	AATTGA	ATTGAC	TTGACG	TGACGT	GACGTT	ACGTTA	CGTTAT	GTTATT	TTATTT	TATTTC	ATTTCT	TTTCTA	TTCTAG	TCTAGT	CTAGTT	TAGTTT	AGTTTC	GTTTCG	TTTCGG	TTCGGC	TCGGCG	CGGCGT	GGCGTT	GCGTTG	CGTTGC	GTTGCC	TTGCCG	TGCCGG	GCCGGT	CCGGTG	CGGTGT	GGTGTT	GTGTTG	TGTTGG	GTTGGT	TTGGTG	TGGTGG
-0.943894	-0.368613	0.847216	0.49923	-1.15533	0.986271	-0.442819	0.616992	-0.207398	0.245418	0.794379	1.12874	-2.96095	1.18439	-1.37759	0.253796	-0.124776	0.0946505	-0.176274	0.631984	1.16276	0.382345	0.348531	2.38822	0.859942	-2.07077	1.25136	1.72457	-1.96507	-0.0160718	-0.663846	0.0898314	-1.30389	-0.0637169	-0.710611	-0.595033	-2.39311	0.94577	0.585494	-1.59413	-0.307449	1.08939	-0.82692	0.739206	-4.70738	-1.06061	0.27879	-0.778987	2.79875	0.75811	-1.21571	-1.57792	2.82419	-0.59915	1.53874	-1.57004	0.283458	0.38461	1.22065	0.981091	1.25134	0.665082	0.0105202	-2.22729	-0.164819	-1.90501	1.17635	-0.567898	-3.82907	1.09138	0.687829	0.516398	1.28249	3.47601	-0.455571	-0.590151	-0.834103	-1.00251	0.198128	0.113703	0.191151	-2.04717	-1.4855	-0.173922	-1.3236	0.485404	0.585718	1.43021	-1.82481	3.4468	0.816968	0.112946	3.39524	-2.31798	1.33392	-1.93511	-0.559207	0.806234	0.354791	-0.470769
AGAACT	GAACTG	AACTGC	ACTGCC	CTGCCC	TGCCCT	GCCCTT	CCCTTA	CCTTAA	CTTAAC	TTAACG	TAACGT	AACGTT	ACGTTA	CGTTAA	GTTAAC	TTAACG	TAACGA	AACGAC	ACGACT	CGACTC	GACTCA	ACTCAA	CTCAAT	TCAATG	CAATGG	AATGGT	ATGGTT	TGGTTG	GGTTGC	GTTGCT	TTGCTG	TGCTGG	GCTGGT	CTGGTG	TGGTGT	GGTGTT	GTGTTA	TGTTAT	GTTATC	TTATCA	TATCAC	ATCACT	TCACTG	CACTGC	ACTGCT	CTGCTA	TGCTAA	GCTAAG	CTAAGC	TAAGCG	AAGCGT	AGCGTA	GCGTAC	CGTACC	GTACCG	TACCGG	ACCGGA	CCGGAG	CGGAGA	GGAGAA	GAGAAC	AGAACT	GAACTA	AACTAA	ACTAAA	CTAAAC	TAAACT	AAACTG	AACTGG	ACTGGA	CTGGAA	TGGAAT	GGAATA	GAATAC	AATACT	ATACTT	TACTTT	ACTTTT	CTTTTA	TTTTAA	TTTAAT	TTAATA	TAATAA	AATAAT	ATAATG	TAATGA	AATGAA	ATGAAA	TGAAAA	GAAAAA	AAAAAT	AAAATC	AAATCT	AATCTG
0.506554	0.00778735	1.38166	1.98398	1.35456	0.86277	1.42255	0.640299	-1.70621	1.46263	-1.52863	1.01269	1.24517	1.47435	-1.27413	0.546689	0.607624	1.43539	1.72995	0.703218	1.82645	0.0744494	-0.117657	1.50146	-0.380167	-0.142998	1.3424	-0.821653	1.52312	0.254935	0.169768	1.67727	-2.1345	2.07621	0.597655	1.18662	0.266815	-0.452738	2.20339	0.869927	1.19878	1.13726	-0.123811	-0.889829	-0.65143	0.0369589	-0.126468	-0.463655	1.11877	0.344919	0.961321	0.3977	1.92562	-0.515935	3.58127	2.00686	0.225513	0.275989	-0.870386	-0.140809	0.885545	1.62425	-2.07191	1.38127	-0.155029	1.06162	1.28326	0.556568	2.60057	3.03464	-1.81454	0.70628	1.0624	1.1782	-0.0812649	0.188373	0.913125	-1.55428	1.71973	-0.639098	1.08149	1.8668	0.599445	0.163072	0.308345	-0.388399	0.893638	0.725006	0.426749	0.20149	0.62912	1.31174	0.252089	-0.801546	0.235271	1.31182	-0.0685035	1.84247	2.99115	1.64243
GAATGC	AATGCA	ATGCAG	TGCAGG	GCAGGG	CAGGGT	AGGGTG	GGGTGG	GGTGGT	GTGGTA	TGGTAA	GGTAAC	GTAACA	TAACAC	AACACG	ACACGC	CACGCT	ACGCTA	CGCTAT	GCTATT	CTATTA	TATTAA	ATTAAG	TTAAGC	TAAGCG	AAGCGT	AGCGTC	GCGTCC	CGTCCC	GTCCCT	TCCCTA	CCCTAG	CCTAGT	CTAGTG	TAGTGT	AGTGTA	GTGTAG	TGTAGT	GTAGTG	TAGTGT	AGTGTA	GTGTAA	TGTAAT	GTAATA	TAATAA	AATAAC	ATAACT	TAACTA	AACTAT	ACTATA	CTATAC	TATACT	ATACTT	TACTTG	ACTTGG	CTTGGG	TTGGGG	TGGGGC	GGGGCG	GGGCGC	GGCGCT	GCGCTT	CGCTTT	GCTTTT	CTTTTT	TTTTTC	TTTTCT	TTTCTT	TTCTTT	TCTTTT	CTTTTG	TTTTGC	TTTGCT	TTGCTT	TGCTTA	GCTTAG	CTTAGT	TTAGTT	TAGTTA	AGTTAG	GTTAGT	TTAGTT	TAGTTT	AGTTTA	GTTTAT	TTTATT	TTATTA	TATTAA	ATTAAA	TTAAAT	TAAATT	AAATTC	AATTCA	ATTCAA	TTCAAA
2.18562	0.972617	0.789055	0.0872397	-0.0160294	-0.981274	1.08748	-0.953445	1.64825	0.478295	-0.185213	-0.120907	0.404971	0.708563	-1.17879	1.39004	-1.03317	0.237462	-1.26067	-0.917912	0.639715	0.456599	1.11125	-0.406021	1.76109	-1.25926	-1.2216	0.118451	-0.0526555	-0.156762	-1.63925	-1.40317	-0.619351	1.5944	-1.15196	-0.671999	-0.611668	-1.11921	-1.83793	-0.44921	-0.195955	-2.51084	0.369917	-0.478201	-0.473513	0.241519	0.254174	-0.165566	0.897602	-2.31148	2.5662	-0.498211	-2.18043	-3.38538	-0.551663	-0.672455	-0.105633	-0.221483	0.889512	-2.6	1.48439	-1.351	-0.487104	0.546751	-1.51447	2.1109	1.19186	-0.487638	0.650605	-0.667026	-0.777777	0.370334	1.33492	0.439489	0.506439	1.63831	0.956247	0.86229	1.15063	1.17025	-0.995121	-1.99048	-0.477136	-0.230834	0.579966	-1.34453	-0.202695	-2.36272	-0.478802	-1.28909	-1.52558	-0.159275	1.51826	-0.208312	0.699915	-1.04451	-1.27161	1.27173	0.386696	1.03443
TAGAAA	AGAAAA	GAAAAA	AAAAAG	AAAAGG	AAAGGT	AAGGTA	AGGTAT	GGTATT	GTATTT	TATTTC	ATTTCC	TTTCCG	TTCCGA	TCCGAT	CCGATG	CGATGA	GATGAT	ATGATC	TGATCC	GATCCA	ATCCAT	TCCATT	CCATTT	CATTTG	ATTTGA	TTTGAG	TTGAGA	TGAGAG	GAGAGA	AGAGAC	GAGACA	AGACAT	GACATG	ACATGT	CATGTT	ATGTTG	TGTTGT	GTTGTA	TTGTAG	TGTAGA	GTAGAA	TAGAAT	AGAATA	GAATAA	AATAAT	ATAATT	TAATTT	AATTTT	ATTTTT	TTTTTC	TTTTCT	TTTCTG	TTCTGA	TCTGAA	CTGAAT	TGAATA	GAATAA	AATAAA	ATAAAT	TAAATA	AAATAT	AATATA	ATATAA	TATAAA	ATAAAA	TAAAAA	AAAAAT	AAAATG	AAATGC	AATGCA	ATGCAT	TGCATT	GCATTA	CATTAT	ATTATT	TTATTA	TATTAC	ATTACT	TTACTA	TACTAA	ACTAAT	CTAATT	TAATTC	AATTCA	ATTCAA	TTCAAA	TCAAAC	CAAACT	AAACTA	AACTAG	ACTAGT	CTAGTA	TAGTAA	AGTAAT
0.950986	2.51597	1.0706	-1.37392	0.725914	1.98713	0.971499	1.23247	3.95848	2.0141	-1.05954	2.60289	2.75029	2.80784	1.51699	-0.607769	-0.223314	0.794717	0.503684	1.92165	1.41238	2.02779	0.344051	0.332348	1.6503	0.00217009	1.02663	0.0161848	2.24338	-0.248577	1.43446	1.75101	-0.219639	1.3006	-0.222947	-0.0202699	1.98798	1.83176	0.175056	3.18614	1.06722	3.0855	1.46982	0.880842	2.44413	1.67478	1.41719	2.79208	1.54241	3.02591	1.29284	0.333721	-0.0848484	-0.129354	2.01283	2.45062	0.824185	0.970456	0.41289	2.2113	1.19693	0.809263	0.738388	-0.538174	0.223292	0.10233	-0.696198	-0.141867	0.93141	1.26712	1.00411	-1.17048	0.717181	1.8577	1.07806	0.773206	0.594886	-0.110349	0.273251	-0.136459	0.813457	-0.206576	0.535961	0.534061	2.31273	0.152368	0.781689	0.68412	-0.38457	-0.0200901	2.15451	0.472847	1.41327	2.86359	0.746651	0.0796213	1.26862	1.58596	0.576952	1.86368
AATGCA	ATGCAT	TGCATT	GCATTT	CATTTT	ATTTTT	TTTTTT	TTTTTA	TTTTAA	TTTAAT	TTAATT	TAATTA	AATTAT	ATTATT	TTATTT	TATTTT	ATTTTT	TTTTTC	TTTTCT	TTTCTT	TTCTTA	TCTTAT	CTTATA	TTATAT	TATATC	ATATCT	TATCTA	ATCTAT	TCTATT	CTATTC	TATTCC	ATTCCA	TTCCAC	TCCACA	CCACAA	CACAAA	ACAAAA	CAAAAC	AAAACT	AAACTA	AACTAT	ACTATG	CTATGT	TATGTT	ATGTTG	TGTTGC	GTTGCC	TTGCCA	TGCCAA	GCCAAT	CCAATT	CAATTA	AATTAC	ATTACT	TTACTA	TACTAG	ACTAGC	CTAGCA	TAGCAT	AGCATA	GCATAC	CATACA	ATACAT	TACATA	ACATAT	CATATC	ATATCC	TATCCA	ATCCAA	TCCAAA	CCAAAT	CAAATA	AAATAG	AATAGC	ATAGCT	TAGCTG	AGCTGC	GCTGCT	CTGCTA	TGCTAG	GCTAGA	CTAGAA	TAGAAC	AGAACT	GAACTA	AACTAG	ACTAGG	CTAGGT	TAGGTT	AGGTTG	GGTTGT	GTTGTT	TTGTTT	TGTTTT	GTTTTG
-0.455481	0.783797	0.558859	0.521113	-0.156785	1.21348	0.0854082	-0.193544	-0.984813	-0.584812	-0.584669	-0.044925	-0.557392	-0.2328	-1.88524	-0.764811	-0.22362	1.28747	0.306828	-1.15507	0.1446	-0.668428	0.461351	0.640335	-0.513752	-1.29851	0.343378	-0.71226	-0.179438	1.58822	0.440664	-1.62538	1.48297	-0.0916948	-0.422371	-1.33374	-0.643741	0.451534	0.544035	0.0271297	-1.31921	-0.550858	-2.46101	-0.781867	-1.23549	0.399137	-0.606718	0.548666	-0.195971	-1.34229	-0.299993	-0.11996	-0.141171	0.509693	0.394627	0.391159	0.850526	1.4852	-0.494522	-0.285608	0.176492	-1.02895	2.15289	-0.088517	0.26226	0.766913	-1.62015	0.535526	0.155915	-1.58387	0.572946	1.22727	1.09919	-1.02882	0.799059	-0.610694	0.661849	-0.843955	-1.33349	-2.19942	-0.201671	0.781678	-0.424714	0.302206	-1.03237	-2.01163	-0.43182	0.196716	0.276619	-0.426956	0.470982	-1.35721	-0.0114074	0.034117	1.55451	-0.381176	-1.34942	1.21053	-0.932233	-0.765967
CCTCTT	CTCTTC	TCTTCA	CTTCAT	TTCATT	TCATTT	CATTTG	ATTTGT	TTTGTA	TTGTAT	TGTATA	GTATAT	TATATT	ATATTC	TATTCT	ATTCTT	TTCTTC	TCTTCA	CTTCAC	TTCACT	TCACTC	CACTCT	ACTCTC	CTCTCA	TCTCAG	CTCAGT	TCAGTT	CAGTTA	AGTTAC	GTTACT	TTACTT	TACTTT	ACTTTT	CTTTTT	TTTTTC	TTTTCT	TTTCTG	TTCTGA	TCTGAA	CTGAAC	TGAACT	GAACTA	AACTAT	ACTATT	CTATTT	TATTTG	ATTTGG	TTTGGT	TTGGTT	TGGTTT	GGTTTT	GTTTTG	TTTTGT	TTTGTA	TTGTAT	TGTATT	GTATTT	TATTTA	ATTTAA	TTTAAT	TTAATT	TAATTT	AATTTT	ATTTTT	TTTTTC	TTTTCT	TTTCTA	TTCTAC	TCTACT	CTACTT	TACTTC	ACTTCA	CTTCAC	TTCACG	TCACGA	CACGAG	ACGAGT	CGAGTG	GAGTGT	AGTGTA	GTGTAG	TGTAGT	GTAGTG	TAGTGA	AGTGAA	GTGAAG	TGAAGA	GAAGAT	AAGATA	AGATAA	GATAAG	ATAAGC	TAAGCT	AAGCTA	AGCTAA
-0.815598	1.3331	0.868703	-0.0502241	0.197878	-1.84124	-0.656595	-0.350586	0.57036	-0.591677	0.000752449	0.251824	-2.19187	-1.14893	-0.162937	1.84078	1.30731	-2.08681	1.2216	0.633586	1.66135	-0.156878	-1.54545	0.191908	-2.13933	0.784335	1.79646	-0.234262	-0.629621	-1.30245	0.955427	0.208602	0.250464	0.077919	-0.496628	0.320288	1.12805	-0.703769	-0.743345	-0.174989	-0.930203	0.512704	0.884739	-1.58695	0.299557	0.597722	-0.229409	-0.343465	-1.22709	-0.55466	-0.984645	0.446976	1.19231	-0.255143	0.39204	-0.913099	0.944884	0.627676	-0.549506	0.442816	0.530275	-1.72789	1.42434	2.00076	1.08913	-1.60151	1.56755	-1.76613	-0.437037	0.130942	0.755247	0.131765	0.309893	-0.0305104	1.21614	-2.51693	1.13822	-0.221144	-0.286101	-0.599121	0.31973	0.097419	1.7481	-1.33378	-0.884754	-0.694723	-1.32068	0.846545	0.723367	1.99013	-0.39763	0.784335	-0.251487	-0.311113	0.715457	-0.0603898	-0.844447	0.911514	1.79676	1.24879
AGCGGC	GCGGCT	CGGCTC	GGCTCC	GCTCCC	CTCCCA	TCCCAG	CCCAGC	CCAGCA	CAGCAA	AGCAAA	GCAAAG	CAAAGC	AAAGCT	AAGCTA	AGCTAC	GCTACC	CTACCC	TACCCC	ACCCCT	CCCCTA	CCCTAA	CCTAAC	CTAACA	TAACAT	AACATT	ACATTG	CATTGG	ATTGGC	TTGGCA	TGGCAT	GGCATT	GCATTT	CATTTT	ATTTTT	TTTTTA	TTTTAA	TTTAAG	TTAAGT	TAAGTA	AAGTAA	AGTAAG	GTAAGC	TAAGCT	AAGCTG	AGCTGC	GCTGCT	CTGCTG	TGCTGC	GCTGCA	CTGCAA	TGCAAT	GCAATG	CAATGA	AATGAA	ATGAAG	TGAAGC	GAAGCC	AAGCCT	AGCCTA	GCCTAT	CCTATT	CTATTG	TATTGC	ATTGCT	TTGCTA	TGCTAA	GCTAAA	CTAAAT	TAAATA	AAATAA	AATAAG	ATAAGA	TAAGAA	AAGAAA	AGAAAT	GAAATA	AAATAA	AATAAA	ATAAAT	TAAATC	AAATCT	AATCTT	ATCTTT	TCTTTT	CTTTTA	TTTTAG	TTTAGT	TTAGTT	TAGTTG	AGTTGG	GTTGGC	TTGGCA	TGGCAA	GGCAAG
-0.223664	0.851299	-0.0358641	-1.29658	1.64971	-2.06846	2.67621	1.12035	0.954472	0.887807	-0.973688	1.35598	0.197856	0.817522	0.495327	2.50032	-0.142822	0.66646	1.38649	0.210091	1.39126	0.00289154	1.37626	2.09881	-0.171626	0.317196	0.694161	-0.110392	-0.793924	1.79069	2.53093	0.568019	-2.04235	-0.163673	-1.62656	0.919558	0.682015	-0.408638	-1.95738	-0.0527294	1.84863	-0.580464	0.45952	2.29717	-1.61307	2.01447	-1.59602	-0.31361	2.52832	0.316516	-0.395293	-0.148505	-1.88948	-0.788708	1.05991	-1.0026	0.176978	0.30934	-1.05421	-2.68093	1.70275	2.24	-0.806624	-0.575119	1.47702	1.47444	-0.488491	-0.021847	-0.228171	-2.97879	-1.34471	-0.277121	-0.619585	-1.21882	0.126316	-0.101588	-0.126967	1.03853	0.806282	1.27063	0.01267	1.13614	0.699445	-1.2188	-0.653651	0.207075	-0.808471	1.32301	0.973185	-3.00201	0.288271	-0.917418	0.468274	0.919049	3.35954	0.501918	1.14454	2.82024	1.2128	1.6868
CTTATT	TTATTT	TATTTT	ATTTTC	TTTTCT	TTTCTT	TTCTTT	TCTTTA	CTTTAA	TTTAAT	TTAATA	TAATAA	AATAAA	ATAAAA	TAAAAG	AAAAGT	AAAGTA	AAGTAT	AGTATC	GTATCA	TATCAA	ATCAAT	TCAATT	CAATTC	AATTCG	ATTCGA	TTCGAT	TCGATG	CGATGT	GATGTT	ATGTTG	TGTTGA	GTTGAA	TTGAAA	TGAAAA	GAAAAA	AAAAAT	AAAATA	AAATAG	AATAGT	ATAGTA	TAGTAT	AGTATT	GTATTA	TATTAG	ATTAGC	TTAGCA	TAGCAA	AGCAAA	GCAAAT	CAAATC	AAATCT	AATCTG	ATCTGG	TCTGGC	CTGGCT	TGGCTA	GGCTAA	GCTAAA	CTAAAA	TAAAAC	AAAACA	AAACAT	AACATC	ACATCT	CATCTA	ATCTAG	TCTAGT	CTAGTT	TAGTTG	AGTTGG	GTTGGA	TTGGAC	TGGACC	GGACCA	GACCAT	ACCATT	CCATTA	CATTAA	ATTAAG	TTAAGA	TAAGAG	AAGAGT	AGAGTC	GAGTCC	AGTCCT	GTCCTA	TCCTAC	CCTACT	CTACTG	TACTGG	ACTGGA	CTGGAA	TGGAAC	GGAACG
-0.363761	-2.12722	-1.35008	-2.00767	-0.0676875	0.902279	0.155635	-0.720608	0.835219	-0.516296	-0.352504	-0.807995	1.40974	-1.54401	-0.0145259	-0.161619	1.86304	-0.357403	0.723167	-1.29187	-1.07477	0.239189	0.246693	1.2454	-0.0493274	0.0987544	-0.311472	-0.470787	-0.0674605	-0.318874	0.0659211	-2.913	-1.15859	0.162647	-0.3582	0.44842	-2.66515	-0.00730062	-2.45003	1.33164	0.238763	-1.39427	-3.10064	-2.59958	0.372224	0.00531268	1.10399	-2.18366	-0.575567	1.18235	-0.00475025	-1.36955	-0.0922761	-1.95304	0.943277	-0.0574055	-1.20556	-1.81661	-2.42268	-1.43583	0.0364561	-0.0801342	0.84179	0.619796	-0.399937	0.595633	-0.0129554	-0.1421	-0.844389	-0.0129001	-1.39228	-0.658102	-0.829044	-0.761665	-0.614686	1.0831	-2.06781	-0.846054	-0.196334	-0.306074	0.302578	-2.22743	-0.300636	0.468654	-0.242171	0.472042	-0.163356	-0.370442	1.03789	-1.3808	0.595523	0.587897	-0.317993	0.563969	-0.992675	-2.62514	-0.614341	2.1312	-1.4871	0.758983
ATGTTG	TGTTGA	GTTGAA	TTGAAA	TGAAAC	GAAACA	AAACAC	AACACC	ACACCT	CACCTA	ACCTAA	CCTAAG	CTAAGA	TAAGAC	AAGACC	AGACCA	GACCAT	ACCATT	CCATTA	CATTAA	ATTAAT	TTAATT	TAATTG	AATTGG	ATTGGA	TTGGAG	TGGAGC	GGAGCG	GAGCGT	AGCGTT	GCGTTG	CGTTGC	GTTGCT	TTGCTC	TGCTCC	GCTCCA	CTCCAA	TCCAAC	CCAACT	CAACTG	AACTGC	ACTGCC	CTGCCA	TGCCAG	GCCAGC	CCAGCC	CAGCCC	AGCCCA	GCCCAG	CCCAGT	CCAGTT	CAGTTG	AGTTGT	GTTGTA	TTGTAA	TGTAAT	GTAATA	TAATAT	AATATC	ATATCA	TATCAC	ATCACC	TCACCC	CACCCA	ACCCAT	CCCATA	CCATAA	CATAAT	ATAATA	TAATAA	AATAAT	ATAATT	TAATTC	AATTCC	ATTCCT	TTCCTG	TCCTGA	CCTGAA	CTGAAA	TGAAAT	GAAATC	AAATCA	AATCAT	ATCATC	TCATCC	CATCCC	ATCCCA	TCCCAA	CCCAAT	CCAATT	CAATTG	AATTGC	ATTGCT	TTGCTA	TGCTAA
-0.840953	0.0335434	3.09298	2.01626	3.66404	-1.06079	1.22419	2.3128	2.02735	2.06022	2.68602	1.19587	0.498457	3.00421	2.41611	2.85334	2.67913	-0.777282	0.228518	2.22811	1.3277	-1.50487	0.937298	4.07977	3.59518	0.96942	1.4235	0.101622	0.54439	-2.23135	1.78175	2.69787	3.08427	3.37802	2.27818	-1.30847	-1.64844	-0.0292413	-1.67036	-1.45061	4.82518	1.07641	0.214597	0.419229	1.90289	-0.848582	0.464123	2.40942	-1.04551	3.95415	3.54641	-2.32859	7.58762	0.0741739	0.686034	0.145497	1.67214	-1.25514	-1.16853	2.25488	-0.462269	-1.72025	1.64	2.47319	0.772433	3.67888	2.7701	0.504309	0.0175002	-1.43766	0.0890688	4.6629	2.93976	0.791952	2.24342	-0.336034	0.297758	-1.81254	0.43094	-0.503248	1.56803	0.539397	1.8211	0.812503	3.07044	3.33155	1.75956	0.284965	-1.73923	1.74757	4.71119	1.25709	2.63065	-1.38922	4.59576	5.83267	2.47884	1.95032	1.51142	3.23425
TCTTCC	CTTCCC	TTCCCT	TCCCTT	CCCTTT	CCTTTA	CTTTAC	TTTACT	TTACTT	TACTTT	ACTTTT	CTTTTT	TTTTTT	TTTTTA	TTTTAA	TTTAAT	TTAATA	TAATAA	AATAAC	ATAACT	TAACTC	AACTCC	ACTCCA	CTCCAT	TCCATA	CCATAA	CATAAA	ATAAAT	TAAATT	AAATTC	AATTCT	ATTCTT	TTCTTC	TCTTCT	CTTCTT	TTCTTT	TCTTTG	CTTTGT	TTTGTC	TTGTCT	TGTCTT	GTCTTC	TCTTCT	CTTCTG	TTCTGC	TCTGCC	CTGCCG	TGCCGG	GCCGGC	CCGGCA	CGGCAC	GGCACC	GCACCA	CACCAT	ACCATT	CCATTT	CATTTG	ATTTGA	TTTGAT	TTGATG	TGATGA	GATGAT	ATGATA	TGATAA	GATAAA	ATAAAG	TAAAGA	AAAGAT	AAGATG	AGATGA	GATGAC	ATGACA	TGACAA	GACAAC	ACAACC	CAACCG	AACCGT	ACCGTG	CCGTGC	CGTGCT	GTGCTC	TGCTCA	GCTCAT	CTCATT	TCATTT	CATTTA	ATTTAA	TTTAAG	TTAAGT	TAAGTA	AAGTAG	AGTAGT	GTAGTT	TAGTTA	AGTTAA
0.170295	-1.99047	1.34992	0.445422	0.301184	0.965887	-1.14159	-0.67128	-2.38078	-0.0959518	-1.55934	-1.7989	-0.811821	0.491797	0.350968	-0.377744	0.728944	0.563426	-2.5931	-1.58693	0.030972	-0.0823733	0.110721	0.489765	2.09471	0.882055	-0.931092	-0.17676	-0.420628	-1.05639	0.315928	-0.233439	1.32618	-1.65751	0.729988	-1.17454	-0.125703	-0.179724	1.25463	0.527986	0.547631	1.19673	0.584732	-0.429021	0.42736	0.0496047	1.28426	-0.675803	0.10043	-0.853626	0.975767	3.17392	3.4762	0.281461	1.47892	-0.884149	0.779788	-0.153562	0.959749	1.82401	-0.0989685	-0.819561	0.315368	-0.113871	-0.525739	0.0574352	1.0246	-1.15965	-0.5786	0.657581	-1.22295	-0.891348	-0.893099	1.4506	0.343178	0.0311326	-0.222872	-0.875128	1.14562	-0.138699	-0.873024	1.84097	0.339411	0.339778	-0.169726	-0.231427	1.11114	-1.58542	-0.614468	-0.379997	-1.44558	0.707305	0.271019	-0.17821	0.685399	0.234304	0.0498518	1.82065	0.917957	-0.492359
AATTAT	ATTATC	TTATCC	TATCCA	ATCCAC	TCCACA	CCACAT	CACATC	ACATCT	CATCTT	ATCTTC	TCTTCT	CTTCTG	TTCTGC	TCTGCA	CTGCAG	TGCAGT	GCAGTA	CAGTAA	AGTAAT	GTAATA	TAATAG	AATAGC	ATAGCC	TAGCCA	AGCCAC	GCCACA	CCACAC	CACACT	ACACTC	CACTCT	ACTCTT	CTCTTA	TCTTAG	CTTAGC	TTAGCA	TAGCAA	AGCAAC	GCAACT	CAACTT	AACTTG	ACTTGA	CTTGAC	TTGACG	TGACGT	GACGTG	ACGTGA	CGTGAA	GTGAAT	TGAATC	GAATCA	AATCAG	ATCAGC	TCAGCC	CAGCCT	AGCCTT	GCCTTA	CCTTAG	CTTAGT	TTAGTA	TAGTAG	AGTAGA	GTAGAC	TAGACA	AGACAT	GACATG	ACATGT	CATGTT	ATGTTT	TGTTTC	GTTTCC	TTTCCT	TTCCTA	TCCTAC	CCTACA	CTACAT	TACATT	ACATTG	CATTGA	ATTGAT	TTGATT	TGATTT	GATTTC	ATTTCA	TTTCAG	TTCAGG	TCAGGC	CAGGCA	AGGCAA	GGCAAG	GCAAGT	CAAGTT	AAGTTC	AGTTCA	GTTCAC
0.229295	-1.17308	0.247793	0.474345	-1.84423	0.461126	-1.66812	0.517445	-0.203284	0.0962133	1.29731	1.12479	-1.07445	0.21942	-1.06198	-1.44445	-1.63998	-1.86108	0.846863	-0.604377	-2.48898	-2.0165	-0.636546	-0.686714	-0.407108	-2.95621	-1.12472	-0.360109	-1.72997	-0.858999	-0.503399	0.779823	-0.370862	-2.30749	-0.736027	0.58531	-0.516766	1.88927	-1.28712	-0.325215	-0.3019	-0.433009	1.30633	1.36262	-2.81567	0.110748	-2.72051	-0.323477	-1.0138	0.79257	-0.754455	-0.421579	-1.61345	-0.722419	1.04836	-0.628111	-0.131715	-1.36058	-0.258408	-0.479364	0.117023	-0.908249	-1.53943	-1.75584	-1.88953	-2.09221	-0.781451	-3.98048	0.794693	-1.08879	0.328842	-1.53211	0.491082	-0.861277	-1.11932	-0.480577	0.889497	-1.72722	0.944219	-3.92865	-1.09201	-0.132043	0.201128	1.62233	-2.01724	-1.21849	1.5732	-0.844867	-3.15629	-0.320399	1.96421	0.453778	-1.26199	-0.278139	-1.1247	0.710644	-0.303812	-0.918041	-0.689936	1.15507
TGCATT	GCATTT	CATTTT	ATTTTC	TTTTCA	TTTCAT	TTCATT	TCATTT	CATTTG	ATTTGG	TTTGGT	TTGGTT	TGGTTC	GGTTCA	GTTCAT	TTCATT	TCATTA	CATTAC	ATTACT	TTACTT	TACTTT	ACTTTG	CTTTGA	TTTGAT	TTGATG	TGATGA	GATGAG	ATGAGA	TGAGAC	GAGACT	AGACTC	GACTCT	ACTCTT	CTCTTT	TCTTTC	CTTTCT	TTTCTC	TTCTCG	TCTCGG	CTCGGT	TCGGTT	CGGTTT	GGTTTG	GTTTGA	TTTGAG	TTGAGT	TGAGTG	GAGTGG	AGTGGA	GTGGAG	TGGAGC	GGAGCT	GAGCTA	AGCTAT	GCTATC	CTATCT	TATCTT	ATCTTC	TCTTCA	CTTCAG	TTCAGG	TCAGGT	CAGGTG	AGGTGG	GGTGGT	GTGGTT	TGGTTT	GGTTTT	GTTTTC	TTTTCC	TTTCCA	TTCCAA	TCCAAC	CCAACA	CAACAG	AACAGG	ACAGGA	CAGGAG	AGGAGC	GGAGCT	GAGCTA	AGCTAT	GCTATA	CTATAT	TATATT	ATATTT	TATTTT	ATTTTC	TTTTCT	TTTCTT	TTCTTT	TCTTTA	CTTTAG	TTTAGC	TTAGCT
-0.0999186	-0.126363	2.16789	1.9667	-0.94501	1.85344	-2.49412	2.14901	-0.781767	0.843241	-0.378545	0.807025	-1.08317	0.15466	0.445544	1.75102	-0.0237845	1.8116	0.50843	0.396267	-0.546218	-1.27395	-1.23341	1.01152	-2.40228	0.315839	0.19984	-1.61623	-1.64307	2.06681	4.6691	0.483086	-0.339533	3.17006	0.382484	1.50459	0.220728	2.7739	0.776635	0.998912	0.0211673	-0.519051	-0.616255	0.210131	2.31093	0.171988	0.683341	0.196326	0.512622	1.15877	-0.479051	0.648809	-0.917455	-0.293264	-0.122872	0.462243	1.81534	1.9114	-0.112871	-0.424881	-0.893175	-2.83884	2.12866	1.04538	0.493582	-0.896853	-0.153134	-0.19445	0.942407	-2.19453	0.21151	2.282	1.1605	0.578764	0.880352	0.251403	-1.07094	1.08262	-2.79269	0.606168	3.04313	0.693632	-0.046298	2.04025	-0.0427632	0.512401	1.06543	0.251647	0.47094	-1.63844	-2.22763	1.55315	0.879892	-0.0379633	0.870347	-1.82191	-0.248957	0.392846	-0.929871	2.00501
TGTTTG	GTTTGT	TTTGTG	TTGTGG	TGTGGT	GTGGTA	TGGTAG	GGTAGG	GTAGGT	TAGGTA	AGGTAC	GGTACA	GTACAA	TACAAC	ACAACA	CAACAT	AACATA	ACATAG	CATAGG	ATAGGC	TAGGCA	AGGCAT	GGCATT	GCATTG	CATTGT	ATTGTC	TTGTCA	TGTCAT	GTCATA	TCATAC	CATACA	ATACAT	TACATC	ACATCC	CATCCA	ATCCAT	TCCATT	CCATTG	CATTGT	ATTGTT	TTGTTG	TGTTGC	GTTGCC	TTGCCA	TGCCAC	GCCACT	CCACTT	CACTTA	ACTTAT	CTTATC	TTATCA	TATCAA	ATCAAA	TCAAAT	CAAATG	AAATGC	AATGCT	ATGCTT	TGCTTG	GCTTGT	CTTGTA	TTGTAC	TGTACA	GTACAC	TACACG	ACACGG	CACGGT	ACGGTA	CGGTAT	GGTATT	GTATTT	TATTTG	ATTTGT	TTTGTG	TTGTGG	TGTGGT	GTGGTT	TGGTTG	GGTTGA	GTTGAA	TTGAAG	TGAAGG	GAAGGC	AAGGCC	AGGCCT	GGCCTT	GCCTTA	CCTTAG	CTTAGT	TTAGTT	TAGTTG	AGTTGA	GTTGAG	TTGAGT	TGAGTC
-0.383636	1.99883	1.90094	2.40916	-0.721306	2.11021	0.688243	1.43186	1.87928	1.56849	0.904726	0.423434	-0.525778	1.10718	1.60716	1.65633	1.42479	0.572383	1.08213	1.11225	0.877112	0.361284	0.488828	-0.567763	1.14597	0.633599	0.935683	1.29241	1.83674	4.48978	2.35601	2.89835	2.35291	0.0487642	0.447952	-1.0577	0.455209	0.211434	1.73563	0.393814	0.480381	1.86315	0.291117	1.42735	1.25881	1.03484	1.17122	1.21806	2.232	0.820025	1.00391	1.56575	2.18796	1.47545	0.978346	2.17229	1.96516	0.898835	-0.0536695	1.45941	0.162484	2.46938	1.29559	2.04338	1.14981	-0.201272	1.20136	0.649702	0.914031	1.10365	1.21243	1.52975	1.47024	2.0679	2.03506	2.22518	0.850583	0.582844	0.887557	0.54501	0.792363	2.87335	0.811289	-0.972186	3.76887	1.6637	0.979942	1.58135	1.25352	1.2558	1.83501	2.67441	2.05473	0.11495	-0.328707	0.903734	0.58556	0.986182	1.04596	2.35158
